role,applyLink,company,experience,salary,location,jobSummary,skills
Java Developer,https://www.naukri.com/job-listings-java-developer-amiti-software-technologies-bangalore-bengaluru-0-to-1-years-120923011712,Amiti Software Technologies,0-1 Yrs,Not disclosed,Bangalore/Bengaluru(Bannerghatta Road)," Good Experience in Java programming skillsExcellent knowledge of building scalable web...","Java
Hibernate
JSP Servlets
Javascript
JDBC
J2Ee
Spring
JSF"
Java Developer,https://www.naukri.com/job-listings-java-developer-cloud-analogy-noida-0-to-3-years-190225016755,Cloud Analogy,0-3 Yrs,Not disclosed,Noida,Experience : Fresher - 3 yearThe ideal candidate should have 3+ years of experience in ...,"React.Js
Angular
Microservices
Java 8
SQL
Java
Spring Boot
Bootstrap"
Java Developer,https://www.naukri.com/job-listings-java-developer-jugla-technologies-bengaluru-0-to-1-years-220225008193,Jugla Technologies,0-1 Yrs,Not disclosed,Remote,Candidate with Prior Self Project Or Internship ExperienceMust have HandsOn Coding Expe...,"Java
JDBC
Spring Boot
MySQL
Microservices
Web Services
SQL
Development"
Java Developer Fresher,https://www.naukri.com/job-listings-java-developer-fresher-evoke-hr-pune-ahmedabad-mumbai-all-areas-0-to-1-years-041124010347,evokehr,0-1 Yrs,Not disclosed,"Mumbai (All Areas), Pune, Ahmedabad","Fresher with strong knowledge of Java programming and OOP concepts|Write, test, and mai...","java
spring
css
hibernate
javascript
Development
Javas
Cs"
Full stack Java Developer Fresher 2020 Passed Out Only,https://www.naukri.com/job-listings-full-stack-java-developer-fresher-2020-passed-out-only-oasis-technology-and-consulting-services-chennai-bengaluru-0-to-1-years-151124003392,Oasis Technology And Consulting Services,0-1 Yrs,4.5-9.5 Lacs PA,"Bengaluru, Chennai(OMR)","We have opening for Software Associate for all BE / BTech, MCA, MTech 2021 passed out w...","Java Programming
2023 passed out
Software Engineering
B.E/B.Tech
Software Design
Application Programming
testing
2021"
Java Developer,https://www.naukri.com/job-listings-java-developer-refinitiv-bengaluru-0-to-5-years-110225505177,London Stock Exchange Group (LSEG),0-5 Yrs,Not disclosed,Bengaluru,"3+ years of practical experience in system design, application development, testing, an...","Performance tuning
Javascript
Agile
Workflow
Healthcare
HTML
Application development
Unit testing"
Java Developer,https://www.naukri.com/job-listings-java-developer-first-american-india-pvt-ltd-bengaluru-0-to-2-years-180225501546,First American,0-2 Yrs,Not disclosed,Bengaluru,Java certification preferred . Experience requirements . 3+ years solid experience in J...,"Computer science
JSP servlets
Web services
XML
Back office
HTML
JSON
microsoft"
Java Developer,https://www.naukri.com/job-listings-java-developer-techferry-infotech-noida-0-to-2-years-160620500356,TechFerry,0-2 Yrs,Not disclosed,Noida," Software industry experience of 0-2 years Hands-on knowledge of Java, jQuery, Ajax ...","jQuery
Web services
Java J2Ee Developer
Javascript
J2Ee
ExtJS
Ajax
java development"
Java Developer,https://www.naukri.com/job-listings-java-developer-logicoy-bengaluru-0-to-5-years-270824501739,Logicoy Software Technologies,0-5 Yrs,Not disclosed,Bengaluru," Core Java, JEE, Web services, Angular JS, Database. Good verbal and written commun...","web services
jsp
java development
dbms
jdbc
jee
hibernate
apache tomcat"
Java Developer,https://www.naukri.com/job-listings-java-developer-amiti-software-technologies-pvt-ltd-bengaluru-bengaluru-0-to-2-years-220715502109,Amiti Software Technologies Pvt Ltd,0-2 Yrs,Not disclosed,"Bengaluru, Bengaluru",Job Requirement: Strong Java programming skills Excellent knowledge building scalable w...,"oracle
rdbms
technical
tomcat
jsp
object oriented design
ibatis
jdbc"
Java Developer,https://www.naukri.com/job-listings-java-developer-meritas-bengaluru-0-to-5-years-240125501809,Meritas,0-5 Yrs,Not disclosed,Bengaluru,Hands on experience in Tomcat and Weblogic / Websphere servers . Must have handled comp...,"j2ee development
web services
jsp
weblogic server
weblogic
hibernate
ajax
root cause analysis"
JAVA DEVELOPER,https://www.naukri.com/job-listings-java-developer-godigi-infotech-mumbai-pune-0-to-1-years-100524501468,Godigi Infotech,0-1 Yrs,Not disclosed,"Mumbai, Pune"," iProPal (ALLPS) is looking for Java Developer to join our dynamic t...","Java EE
Hibernate
Architecture
Debugging
Javascript
Software development life cycle
Investigation
J2Ee"
Java Developer,https://www.naukri.com/job-listings-java-developer-amiti-software-technologies-pvt-ltd-bengaluru-0-to-2-years-050216501714,Amiti Software Technologies Pvt Ltd,0-2 Yrs,Not disclosed,Bengaluru,"Java Developer with good knowledge and experience in Spring, J2EE, Hibernate, Servlet, ...","hi
oracle
rdbms
itis
technical
tomcat
jsp
jdbc"
Java Developer,https://www.naukri.com/job-listings-java-developer-godigi-infotech-mumbai-pune-0-to-1-years-100524500135,Godigi Infotech,0-1 Yrs,Not disclosed,"Mumbai, Pune","Experience with real-time event streaming and processing using Kafka & KSQLDB, as well ...","spring boot
Hibernate
Core Java
NoSQL
Web services
Database
MongoDB
J2Ee"
Java Developer,https://www.naukri.com/job-listings-java-developer-swabhav-techlabs-solutions-pvt-ltd-mumbai-0-to-2-years-030723500609,SWABHAV TECHLABS SOLUTIONS PVT. LTD.,0-2 Yrs,Not disclosed,Mumbai,"Strong Java server-side programming skills, including experience with Java microservice...","Hibernate
Backend
Forex
GIT
Java J2Ee Developer
Web development
Debugging
Data structures"
immediate opening For Java Developer Freshers,https://www.naukri.com/job-listings-immediate-opening-for-java-developer-freshers-gnh-solutions-bengaluru-0-to-0-years-040225016413,GNH Solutions,0 Yrs,Not disclosed,Bengaluru,"Freshers with a degree in BE, BTech, MTech, MCA, BCA, or MSc and knowledge of Core Java...","Java
Hibernate
Spring Mvc
J2Ee
Spring
JSP Servlets
JSP
Struts"
JAVA Developer,https://www.naukri.com/job-listings-java-developer-componence-portal-services-pvt-ltd-jaipur-0-to-4-years-200225503728,Componence Portal Services,0-4 Yrs,Not disclosed,Jaipur,Componence Portal Services Pvt Ltd is looking for JAVA Developer to join our dynamic te...,"software development
software testing
web services
application design
java development
hibernate
javascript
application development"
Java developer - Chennai - Online written test,https://www.naukri.com/job-listings-java-developer-chennai-online-written-test-rbz-infotech-chennai-0-to-1-years-240225005706,RBZ Infotech,27 Feb,Not disclosed,Chennai,We are looking for passionate and self-motivated candidates with good background and ex...,"Java
spring boot
JSP
J2Ee
JEE
springboot
java developer
Software Development"
Java Developer,https://www.naukri.com/job-listings-java-developer-safenest-technologies-private-limited-noida-hyderabad-bengaluru-0-to-5-years-090420500505,Safenest Technologies,0-5 Yrs,Not disclosed,"Bengaluru, Noida, Hyderabad","Full stack development with any one of the Node.js/Express.js/Sails.js, with front-end ...","assembly language
.Net Developer
JavaScript
.NET
HTML
Oracle
SQL
Languages"
Fresher Openings - Java Developer | Immediate Joiners Preferred!,https://www.naukri.com/job-listings-fresher-openings-java-developer-immediate-joiners-preferred-jts-jobs-consultancy-chennai-0-to-0-years-220225006843,JTS Jobs Consultancy,24 Feb - 01 Mar,2-3 Lacs PA,Chennai,Technically strong in JAVA & Springboot; B.E/B.Tech/M.E/M.Tech/BCA/MCA/B.Sc/M.Sc gradua...,"Springboot Java
Core Java
Collections
JAVA Developer
Java
B.Sc
BE/B.Tech
J2Ee"
Java Developer,https://www.timesjobs.com/job-detail/java-developer-infocom-software-cochin-kochi-ernakulam-0-to-3-yrs-jobid-taQxE95__PLUS__9jJzpSvf__PLUS__uAgZw==&source=srp,Infocom Software,0 - 3 Years,Not disclosed,Cochin/ Kochi/ Ernakulam,"Java Developer ( Exp: 2 ) Design , implement and maintain java application phasesTo take part in software and architectural development activities...",java debugging java developer
Java Developer,https://www.timesjobs.com/job-detail/java-developer-infocom-software-cochin-kochi-ernakulam-0-to-3-yrs-jobid-UKrJXXvY7LZzpSvf__PLUS__uAgZw==&source=srp,Infocom Software,0 - 3 Years,Not disclosed,Cochin/ Kochi/ Ernakulam,"Java Developer ( Exp: 2 ) Design , implement and maintain java application phasesTo take part in software and architectural development activities...",java debugging java developer
Java Developer,https://www.timesjobs.com/job-detail/java-developer-infocom-software-cochin-kochi-ernakulam-0-to-3-yrs-jobid-0SJk1Muq0__SLASH__dzpSvf__PLUS__uAgZw==&source=srp,Infocom Software,0 - 3 Years,Not disclosed,Cochin/ Kochi/ Ernakulam,"Java Developer ( Exp: 2 ) Design , implement and maintain java application phasesTo take part in software and architectural development activities...",java debugging java developer
Java Developer,https://www.timesjobs.com/job-detail/java-developer-infocom-software-cochin-kochi-ernakulam-0-to-3-yrs-jobid-BgJxOeL1rcFzpSvf__PLUS__uAgZw==&source=srp,Infocom Software,0 - 3 Years,Not disclosed,Cochin/ Kochi/ Ernakulam,"Java Developer ( Exp: 2 ) Design , implement and maintain java application phasesTo take part in software and architectural development activities...",java debugging java developer
Java Developer,https://www.timesjobs.com/job-detail/java-developer-infocom-software-cochin-kochi-ernakulam-0-to-3-yrs-jobid-XLuiwpxcYlJzpSvf__PLUS__uAgZw==&source=srp,Infocom Software,0 - 3 Years,Not disclosed,Cochin/ Kochi/ Ernakulam,"Java Developer ( Exp: 2 ) Design , implement and maintain java application phasesTo take part in software and architectural development activities...",java debugging java developer
Java Developer,https://www.timesjobs.com/job-detail/java-developer-infocom-software-cochin-kochi-ernakulam-0-to-3-yrs-jobid-sPRzheydtbtzpSvf__PLUS__uAgZw==&source=srp,Infocom Software,0 - 3 Years,Not disclosed,Cochin/ Kochi/ Ernakulam,"Java Developer ( Exp: 2 ) Design , implement and maintain java application phasesTo take part in software and architectural development activities...",java debugging java developer
Java Developer,https://www.timesjobs.com/job-detail/java-developer-infocom-software-cochin-kochi-ernakulam-0-to-3-yrs-jobid-Ir9NfptS8sJzpSvf__PLUS__uAgZw==&source=srp,Infocom Software,0 - 3 Years,Not disclosed,Cochin/ Kochi/ Ernakulam,"Java Developer ( Exp: 2 ) Design , implement and maintain java application phasesTo take part in software and architectural development activities...",java debugging java developer
Java Developer,https://www.timesjobs.com/job-detail/java-developer-infocom-software-cochin-kochi-ernakulam-0-to-3-yrs-jobid-OC0__SLASH__pBMsZTJzpSvf__PLUS__uAgZw==&source=srp,Infocom Software,0 - 3 Years,Not disclosed,Cochin/ Kochi/ Ernakulam,"Java Developer ( Exp: 2 ) Design , implement and maintain java application phasesTo take part in software and architectural development activities...",java debugging java developer
Java Developer,https://www.timesjobs.com/job-detail/java-developer-infocom-software-cochin-kochi-ernakulam-0-to-3-yrs-jobid-BbfSxt__SLASH__QlFtzpSvf__PLUS__uAgZw==&source=srp,Infocom Software,0 - 3 Years,Not disclosed,Cochin/ Kochi/ Ernakulam,"Java Developer ( Exp: 2 ) Design , implement and maintain java application phasesTo take part in software and architectural development activities...",java debugging java developer
Java Developer,https://www.timesjobs.com/job-detail/java-developer-commdel-consulting-services-pvt-ltd-noida-greater-noida-0-to-3-yrs-jobid-KP7H9ULqgOBzpSvf__PLUS__uAgZw==&source=srp,Commdel Consulting Services Pvt Ltd,0 - 3 Years,Not disclosed,Noida/Greater Noida,"Join our Operation team as a DevOps Engineer. Define and create operations tools and processes for a massively scalable system , backing 10 , 000's o...",java developer devops infrastructure .net
Java developer,https://www.timesjobs.com/job-detail/java-developer-seven-consultancy-hyderabad-secunderabad-0-to-3-yrs-jobid-rKdAnhRgDd9zpSvf__PLUS__uAgZw==&source=srp,SEVEN CONSULTANCY,0 - 3 Years,Not disclosed,Hyderabad/Secunderabad,JOB DETAILS1.Good understanding of JavaScript2.Expertise in Javascript single page apps3.Understanding and hands-on experience in one of Angular / Emb...,css html software developer javascript java developer +1 more
Java Developer,https://www.timesjobs.com/job-detail/java-developer-aar-technologies-and-software-solution-pvt-ltd-kolkata-0-to-3-yrs-jobid-5xoNymq8JwtzpSvf__PLUS__uAgZw==&source=srp,AAR Technologies and Software Solution Pvt. Ltd.,0 - 3 Years,Not disclosed,Kolkata,"We are looking for a Java Developer with experience in building high-performing , scalable , enterprise-grade applications.Requirements Hands on exp...",spring framework java ee java developer sql
Java developer,https://www.timesjobs.com/job-detail/java-developer-seven-consultancy-pune-0-to-3-yrs-jobid-VuCbGRtu__PLUS__SZzpSvf__PLUS__uAgZw==&source=srp,SEVEN CONSULTANCY,0 - 3 Years,Not disclosed,Pune,JOB DETAILS1.Good understanding of JavaScript2.Expertise in Javascript single page apps3.Understanding and hands-on experience in one of Angular / Emb...,css html software developer javascript java developer +1 more
Java Developer,https://www.timesjobs.com/job-detail/java-developer-cloudxlab-bengaluru-bangalore-0-to-3-yrs-jobid-i5__SLASH__EHgDSuMZzpSvf__PLUS__uAgZw==&source=srp,cloudxlab,0 - 3 Years,Not disclosed,Bengaluru / Bangalore,"Job Description1.designation : Java Developer2.Core Areas : Spring Framework , Java EE platforms , SQL and NoSQLRequirements1.complete experience in...",java developer sql nosql spring framework java ee +1 more
Java Developer,https://www.timesjobs.com/job-detail/java-developer-connecting-2-work-thiruvananthapuram-0-to-3-yrs-jobid-W3Reh2aDLsFzpSvf__PLUS__uAgZw==&source=srp,CONNECTING 2 WORK,0 - 3 Years,Not disclosed,Thiruvananthapuram,Job Description Job RoleWe are looking for highly skilled programmers with experience building web applications in Java.Java Developers are responsibl...,java developer multimedia database java written communication infrastructure debugging +3 more
Java Developer,https://www.timesjobs.com/job-detail/java-developer-logic-eastern-india-pvt-ltd-noida-greater-noida-0-to-3-yrs-jobid-mYD6zTiRYjhzpSvf__PLUS__uAgZw==&source=srp,Logic Eastern India Pvt Ltd,0 - 3 Years,Not disclosed,Noida/Greater Noida,"JD for Java Developer Job DescriptionCore and Advanced Java with Struts frameworkIn depth understanding of MySQL ( Stored Procedures , Triggers , C...",triggers java developer advanced java struts linux mysql multithreading +3 more
Java developer,https://www.timesjobs.com/job-detail/java-developer-headhuntersinc-consultancy-private-limited-chennai-0-to-3-yrs-jobid-pALoMPreS__SLASH__1zpSvf__PLUS__uAgZw==&source=srp,Headhuntersinc consultancy Private Limited,0 - 3 Years,Not disclosed,Chennai,"Job Description :Excellent communication skills is mandatoryExperience in Java , Spring , any of Webservices ( Rest , Soap. ) Understanding of com...",spring rest java mobile telecom soap java developer +1 more
Java Developer,https://www.timesjobs.com/job-detail/java-developer-connecting-2-work-cochin-kochi-ernakulam-0-to-3-yrs-jobid-cKpd1UMVlXNzpSvf__PLUS__uAgZw==&source=srp,CONNECTING 2 WORK,0 - 3 Years,Not disclosed,Cochin/ Kochi/ Ernakulam,Job Description Java Developer Job Description We are looking for a Java Developer. Java Developers are responsible for analyzing user requirements an...,hibernate java developer spring multimedia database java written communication infrastructure debugging +5 more
Java Developer,https://www.timesjobs.com/job-detail/java-developer-connecting-2-work-thiruvananthapuram-0-to-3-yrs-jobid-sc68CfOYvY5zpSvf__PLUS__uAgZw==&source=srp,CONNECTING 2 WORK,0 - 3 Years,Not disclosed,Thiruvananthapuram,"Job Description Java Developer ( 2yrs Experience ) Coding standards , Object-Oriented ConceptsClasses and Objects , Abstract Classes and Interfac...",ant maven exception handling triggers windows hibernate java developer sql eclipse jasper spring database linux servlets +9 more
Java Developer,https://www.timesjobs.com/job-detail/java-developer-5exceptions-software-solution-pvt-ltd-indore-indore-0-to-3-yrs-jobid-ce1PrRgXcnZzpSvf__PLUS__uAgZw==&source=srp,5exceptions software solution pvt ltd indore,0 - 3 Years,Not disclosed,Indore,"Java Developer Experience in Java / J2EE platform.Experience in web application development with JSP , Servlet , Spring Boot , HibernateKnowledge o...",rest jsp hibernate java developer spring boot database java soap web services j2ee mysql +5 more
Java Developer,https://www.timesjobs.com/job-detail/java-developer-anr-software-pvt-ltd-noida-greater-noida-0-to-3-yrs-jobid-yCuplA4TWfhzpSvf__PLUS__uAgZw==&source=srp,ANR SOFTWARE PVT LTD,0 - 3 Years,Not disclosed,Noida/Greater Noida,Java DeveloperExperience: 0 to 3 YearsEligibility & Job Description Eligibility: Any graduate or post graduateHands on experience in Java Persistenc...,oracle weblogic java developer database java j2ee jpa api +3 more
Java Developer,https://www.timesjobs.com/job-detail/java-developer-connecting-2-work-thiruvananthapuram-0-to-3-yrs-jobid-CT1uw6TDiPZzpSvf__PLUS__uAgZw==&source=srp,CONNECTING 2 WORK,0 - 3 Years,Not disclosed,Thiruvananthapuram,"Job Description Job brief We are looking for a Java Developer with experience in building high-performing , scalable , enterprise-grade applications...",gwt jee hibernate java developer sql wicket spring framework memory management java spring mvc java ee jsf +7 more
Java Developer,https://www.timesjobs.com/job-detail/java-developer-connecting-2-work-thiruvananthapuram-0-to-3-yrs-jobid-kEl2546YmpdzpSvf__PLUS__uAgZw==&source=srp,CONNECTING 2 WORK,0 - 3 Years,Not disclosed,Thiruvananthapuram,"Job Description Responsibilities Contribute in all phases of the development lifecycleWrite well designed , testable , efficient codeEnsure designs ...",gwt jee hibernate sql java developer wicket spring framework memory management java spring mvc java ee jsf +7 more
Java Developer,https://www.timesjobs.com/job-detail/java-developer-pegasus-knowledge-solutions-india-pvt-ltd-bengaluru-bangalore-0-to-3-yrs-jobid-b3u0o4S8abxzpSvf__PLUS__uAgZw==&source=srp,pegasus knowledge solutions india pvt ltd.,0 - 3 Years,Not disclosed,Bengaluru / Bangalore,"Java DeveloperJob Description: Backend development experience using Core Java , Spring , Spring bootStrong knowledge in frontend development ( HTML...",css python rest api bootstrap ajax javascript java developer sql nosql spring spring boot java django html angularjs +10 more
Java Developer,https://www.timesjobs.com/job-detail/java-developer-m-s-fast-and-furious-consulting-noida-greater-noida-0-to-3-yrs-jobid-__PLUS__ehl1VZ4XHNzpSvf__PLUS__uAgZw==&source=srp,M / s Fast and Furious Consulting,0 - 3 Years,Not disclosed,Noida/Greater Noida,"Java Developer Key Skill : Java Developer , Java , J2EEE , JDBC , JQuery , Angluar JS , BootStrap , Mail API , MVC , SpringResponsibilities Requiremen...",css jsp jdbc bootstrap jquery spring database java apache git spring mvc oops linux j2ee html mysql api mvc rest c ant maven java developer eclipse +18 more
SOFTWARE DEVELOPERS / WEB DEVELOPERS / WEB designing li ...,https://www.shine.com/jobs/software-developers-web-developers-web-designing-live-training-internship/guidance-placement/15230977,Guidance Placement Hiring For java ...,0 Yrs,"Gurugram
+8",web designing • php • laravel • java+6
SOFTWARE DEVELOPERS / WEB DEVELOPERS / WEB designing li ...,https://www.shine.com/jobs/software-developers-web-developers-web-designing-live-training-internship/guidance-placement/16184951,Guidance Placement Hiring For java ...,0 Yrs,"Gurugram
+8",react.js • web designing • android+7
Urgent | JR/SR Java Developer Bangalore/Benguluru ( 5 ...,https://www.shine.com/jobs/urgent-jr-sr-java-developer-bangalore-benguluru-5years-to-years/quicksort-solutions-private-limited/16662129,QUICKSORT SOLUTIONS PRIVATE LIMITED,5 to 10 Yrs,Bangalore,microservices • java • spring boot+2
SA - Java Developer - (Contract Hiring) - GO/JC/20785/2 ...,https://www.shine.com/jobs/sa-java-developer-contract-hiring-go-jc/golden-opportunities/16574469,Golden Opportunities,3 to 7 Yrs,"Chennai
+1",MICROSERVICES • AWS • KAFKA+4
Java Developer - Chennai Location,https://www.shine.com/jobs/java-developer-chennai-location/ltimindtree/16619282,LTIMindtree,5 to 9 Yrs,"Chennai
+1",Spring • Spring Boot • Dropwizard+6
Java Developer ((DevOps + cloud platforms),https://www.shine.com/jobs/java-developer-devops-cloud-platforms/altimetrik/16630406,Altimetrik,5 to 9 Yrs,Other Karnataka,DevOps • Java Developer+1
Java Developers,https://www.shine.com/jobs/java-developers/technorizen-software/16626382,Technorizen Software,0 to 4 Yrs,"Indore
+1",Java developer
Sr. Java Developer (Pune),https://www.shine.com/jobs/sr-java-developer-pune/netsach-global/16629384,NETSACH GLOBAL,5 to 12 Yrs,"Other Maharashtra
+1",Microservices • Restful API+6
Urgent | Opening Java Developer,https://www.shine.com/jobs/urgent-opening-java-developer/evoke-hr-solutions-pvt-ltd/16571466,Evoke HR Solutions Pvt. Ltd.,4 to 8 Yrs,"Mumbai City
+1",java • spring boot • microservices
Core Java Developer,https://www.shine.com/jobs/core-java-developer/wroots-global-private-limited/16599624,Wroots Global Private Limited,5 to 10 Yrs,"Gurugram
+3",data structures • algorithms+7
"FRESHER for WEB DESIGN JAVA, REACT, PHP DEVELOPER, SOF ...",https://www.shine.com/jobs/fresher-job-for-web-design-java-react-php-developer-software-developer-urgent/guidance-placement/16669135,Guidance Placement Hiring For urgen...,0 to 1 Yr,"Gurugram
+2",web development • android • react.js+7
AWS Java Developer - All Locations,https://www.shine.com/jobs/aws-java-developer-all-locations/ltimindtree/16619276,LTIMindtree,5 to 12 Yrs,Other Karnataka,AWS • Java Development • Java Developer
"Java Developer (React JS, JSON, JavaScript, Database)",https://www.shine.com/jobs/java-developer-react-js-json-javascript-database/ithr-technologies-consulting-llc/16566778,ITHR Technologies Consulting LLC,5 to 9 Yrs,"Other Tamil Nadu
+1",JSON • JavaScript • Database • Hooks+10
Java Developer || Chennai || Immediate Joiner,https://www.shine.com/jobs/java-developer-chennai-immediate-joiner/hcltech/16530699,HCLTech,5 to 9 Yrs,"Chennai
+1",Microservices • Java Developer
Java Developer,https://www.shine.com/jobs/java-developer/people-first-consultants-pvt-ltd/16599535,People First Consultants Pvt Ltd,5 to 10 Yrs,Hyderabad,react.js • angular • java • aws
Java Developer,https://www.shine.com/jobs/java-developer/ara-resources-private-limited/16599560,Ara Resources Private Limited,8 to 12 Yrs,Mumbai City,spring mvc • hibernate • spring boot+2
Java Developer,https://www.shine.com/jobs/java-developer/vy-systems-private-limited/16534457,Vy Systems Private Limited,6 to 11 Yrs,"Chennai
+1",angular • core java • java+1
Java Developer,https://www.shine.com/jobs/java-developer/vy-systems-private-limited/16541548,Vy Systems Private Limited,5 to 10 Yrs,"Gurugram
+9",angular • spring boot • react.js+2
Java Developer,https://www.shine.com/jobs/java-developer/veerwal-getwork-services-private-limited/16526548,Veerwal Getwork Services Private Li...,5 to 8 Yrs,Chennai,core java • rest api • microservices+3
Sr. Backend Java Developer,https://www.shine.com/jobs/sr-backend-java-developer/a-1-technology/16634398,A-1 Technology,4 to 8 Yrs,All India,Java • Design Patterns • Git • SQL+11